mutList	ddG_fold	ddG_foldOpt	ddG_bind	aa_seq	SCCombined
21L:114I:165Q:175M:198L	26.99	30.3	27.98	MTEQKALVKRITNETKIQIALSLKGGPLAIEHSIFPEKEAEAVAEQATQSQVINVHTGIGFLDHMIHALAKHSGWSLIVECIGDLHIDDHHTTEDCGIALGQAFKEALGAVRGIKRFGSGFAPLDEALSRAVVDLSNRPYAVVELGLQREKVGDLSCEMIPHFLQSFAEASRITMHVDCLRGKNDHHRSESAFKALALAIREATSPNGTNDVPSTKGVLM	>HIS3_Opt_5__21  114  165  175  198
11V:19V:73A:87V:93V	-8.51	-9.13	-9.02	MTEQKALVKRVTNETKIQVAISLKGGPLAIEHSIFPEKEAEAVAEQATQSQVINVHTGIGFLDHMIHALAKHAGWSLIVECIGDLHVDDHHTVEDCGIALGQAFKEALGAVRGVKRFGSGFAPLDEALSRAVVDLSNRPYAVVELGLQREKVGDLSCEMIPHFLESFAEASRITLHVDCLRGKNDHHRSESAFKALAVAIREATSPNGTNDVPSTKGVLM	>HIS3_Opt_5__11  19  73  87  93
73A:93V:110D:137G:144N:169R:189A	-30.67	-25.94	-29.32	MTEQKALVKRITNETKIQIAISLKGGPLAIEHSIFPEKEAEAVAEQATQSQVINVHTGIGFLDHMIHALAKHAGWSLIVECIGDLHIDDHHTVEDCGIALGQAFKEALGDVRGVKRFGSGFAPLDEALSRAVVDLSGRPYAVVNLGLQREKVGDLSCEMIPHFLESFARASRITLHVDCLRGKNDHHRAESAFKALAVAIREATSPNGTNDVPSTKGVLM	>HIS3_FullyOpt_7
16Q:73A:177I	-20.31	-21.63	-20.43	MTEQKALVKRITNETQIQIAISLKGGPLAIEHSIFPEKEAEAVAEQATQSQVINVHTGIGFLDHMIHALAKHAGWSLIVECIGDLHIDDHHTTEDCGIALGQAFKEALGAVRGVKRFGSGFAPLDEALSRAVVDLSNRPYAVVELGLQREKVGDLSCEMIPHFLESFAEASRITLHIDCLRGKNDHHRSESAFKALAVAIREATSPNGTNDVPSTKGVLM	>HIS3_Opt_3__16   73  177
9R:16Q:24N:141C:169R	-0.47	-5.78	0.73	MTEQKALVRRITNETQIQIAISLNGGPLAIEHSIFPEKEAEAVAEQATQSQVINVHTGIGFLDHMIHALAKHSGWSLIVECIGDLHIDDHHTTEDCGIALGQAFKEALGAVRGVKRFGSGFAPLDEALSRAVVDLSNRPYCVVELGLQREKVGDLSCEMIPHFLESFARASRITLHVDCLRGKNDHHRSESAFKALAVAIREATSPNGTNDVPSTKGVLM	>HIS3_Opt_5__9   16   24  141  169
87V:157S	-5.13	-0.63	-5.17	MTEQKALVKRITNETKIQIAISLKGGPLAIEHSIFPEKEAEAVAEQATQSQVINVHTGIGFLDHMIHALAKHSGWSLIVECIGDLHVDDHHTTEDCGIALGQAFKEALGAVRGVKRFGSGFAPLDEALSRAVVDLSNRPYAVVELGLQREKVGDLSSEMIPHFLESFAEASRITLHVDCLRGKNDHHRSESAFKALAVAIREATSPNGTNDVPSTKGVLM	>HIS3_Opt_2__87  157
21L:114I:121Y:141C:157S:175M:207T	14.43	17.01	14.34	MTEQKALVKRITNETKIQIALSLKGGPLAIEHSIFPEKEAEAVAEQATQSQVINVHTGIGFLDHMIHALAKHSGWSLIVECIGDLHIDDHHTTEDCGIALGQAFKEALGAVRGIKRFGSGYAPLDEALSRAVVDLSNRPYCVVELGLQREKVGDLSSEMIPHFLESFAEASRITMHVDCLRGKNDHHRSESAFKALAVAIREATSPTGTNDVPSTKGVLM	>HIS3_Opt_7__21  114  121  141  157  175  207
8I:11V:67T:79L:86D:165Q	33.46	32.12	34.88	MTEQKALIKRVTNETKIQIAISLKGGPLAIEHSIFPEKEAEAVAEQATQSQVINVHTGIGFLDHMITALAKHSGWSLILECIGDLDIDDHHTTEDCGIALGQAFKEALGAVRGVKRFGSGFAPLDEALSRAVVDLSNRPYAVVELGLQREKVGDLSCEMIPHFLQSFAEASRITLHVDCLRGKNDHHRSESAFKALAVAIREATSPNGTNDVPSTKGVLM	>HIS3_Opt_6__8   11   67   79   86  165
110D:137G:144N:169R:189A	-5.68	-13.19	-5.66	MTEQKALVKRITNETKIQIAISLKGGPLAIEHSIFPEKEAEAVAEQATQSQVINVHTGIGFLDHMIHALAKHSGWSLIVECIGDLHIDDHHTTEDCGIALGQAFKEALGDVRGVKRFGSGFAPLDEALSRAVVDLSGRPYAVVNLGLQREKVGDLSCEMIPHFLESFARASRITLHVDCLRGKNDHHRAESAFKALAVAIREATSPNGTNDVPSTKGVLM	>HIS3_FullyOpt_5
79L:201K	24.24	25.03	23.6	MTEQKALVKRITNETKIQIAISLKGGPLAIEHSIFPEKEAEAVAEQATQSQVINVHTGIGFLDHMIHALAKHSGWSLILECIGDLHIDDHHTTEDCGIALGQAFKEALGAVRGVKRFGSGFAPLDEALSRAVVDLSNRPYAVVELGLQREKVGDLSCEMIPHFLESFAEASRITLHVDCLRGKNDHHRSESAFKALAVAIKEATSPNGTNDVPSTKGVLM	>HIS3_Opt_2__79  201
170G	15.3	15.15	15.27	MTEQKALVKRITNETKIQIAISLKGGPLAIEHSIFPEKEAEAVAEQATQSQVINVHTGIGFLDHMIHALAKHSGWSLIVECIGDLHIDDHHTTEDCGIALGQAFKEALGAVRGVKRFGSGFAPLDEALSRAVVDLSNRPYAVVELGLQREKVGDLSCEMIPHFLESFAEGSRITLHVDCLRGKNDHHRSESAFKALAVAIREATSPNGTNDVPSTKGVLM	>HIS3_Opt_1__170
9R:19V:144N:152I:169R:170G:175M:198L	30.75	28.17	30.8	MTEQKALVRRITNETKIQVAISLKGGPLAIEHSIFPEKEAEAVAEQATQSQVINVHTGIGFLDHMIHALAKHSGWSLIVECIGDLHIDDHHTTEDCGIALGQAFKEALGAVRGVKRFGSGFAPLDEALSRAVVDLSNRPYAVVNLGLQREKIGDLSCEMIPHFLESFARGSRITMHVDCLRGKNDHHRSESAFKALALAIREATSPNGTNDVPSTKGVLM	>HIS3_Opt_8__9   19  144  152  169  170  175  198
175M	10.82	11.53	10.57	MTEQKALVKRITNETKIQIAISLKGGPLAIEHSIFPEKEAEAVAEQATQSQVINVHTGIGFLDHMIHALAKHSGWSLIVECIGDLHIDDHHTTEDCGIALGQAFKEALGAVRGVKRFGSGFAPLDEALSRAVVDLSNRPYAVVELGLQREKVGDLSCEMIPHFLESFAEASRITMHVDCLRGKNDHHRSESAFKALAVAIREATSPNGTNDVPSTKGVLM	>HIS3_Opt_1__175
110D:137G:210D	9.99	10.8	10.26	MTEQKALVKRITNETKIQIAISLKGGPLAIEHSIFPEKEAEAVAEQATQSQVINVHTGIGFLDHMIHALAKHSGWSLIVECIGDLHIDDHHTTEDCGIALGQAFKEALGDVRGVKRFGSGFAPLDEALSRAVVDLSGRPYAVVELGLQREKVGDLSCEMIPHFLESFAEASRITLHVDCLRGKNDHHRSESAFKALAVAIREATSPNGTDDVPSTKGVLM	>HIS3_Opt_3__110  137  210
73A:93V:110D:137G:141C:144N:169R:170G:171A:189A	-30.93	-33.25	-30.72	MTEQKALVKRITNETKIQIAISLKGGPLAIEHSIFPEKEAEAVAEQATQSQVINVHTGIGFLDHMIHALAKHAGWSLIVECIGDLHIDDHHTVEDCGIALGQAFKEALGDVRGVKRFGSGFAPLDEALSRAVVDLSGRPYCVVNLGLQREKVGDLSCEMIPHFLESFARGARITLHVDCLRGKNDHHRAESAFKALAVAIREATSPNGTNDVPSTKGVLM	>HIS3_FullyOpt_10
11V:16Q:86D:87V:175M:198L:201K	26.09	28.31	25.6	MTEQKALVKRVTNETQIQIAISLKGGPLAIEHSIFPEKEAEAVAEQATQSQVINVHTGIGFLDHMIHALAKHSGWSLIVECIGDLDVDDHHTTEDCGIALGQAFKEALGAVRGVKRFGSGFAPLDEALSRAVVDLSNRPYAVVELGLQREKVGDLSCEMIPHFLESFAEASRITMHVDCLRGKNDHHRSESAFKALALAIKEATSPNGTNDVPSTKGVLM	>HIS3_Opt_7__11   16   86   87  175  198  201
16Q:19V:79L:82R:102M:110D:114I:119Y:175M:201K	35.59	36.78	35.58	MTEQKALVKRITNETQIQVAISLKGGPLAIEHSIFPEKEAEAVAEQATQSQVINVHTGIGFLDHMIHALAKHSGWSLILECRGDLHIDDHHTTEDCGIALGMAFKEALGDVRGIKRFGYGFAPLDEALSRAVVDLSNRPYAVVELGLQREKVGDLSCEMIPHFLESFAEASRITMHVDCLRGKNDHHRSESAFKALAVAIKEATSPNGTNDVPSTKGVLM	>HIS3_Opt_10__16   19   79   82  102  110  114  119  175  201
9R:119Y:120A:137G:144N:169R	-3.48	-6.94	-2.86	MTEQKALVRRITNETKIQIAISLKGGPLAIEHSIFPEKEAEAVAEQATQSQVINVHTGIGFLDHMIHALAKHSGWSLIVECIGDLHIDDHHTTEDCGIALGQAFKEALGAVRGVKRFGYAFAPLDEALSRAVVDLSGRPYAVVNLGLQREKVGDLSCEMIPHFLESFARASRITLHVDCLRGKNDHHRSESAFKALAVAIREATSPNGTNDVPSTKGVLM	>HIS3_Opt_6__9  119  120  137  144  169
11V:21L:86D:110D:119Y:170G:200L	19.04	17.75	19.46	MTEQKALVKRVTNETKIQIALSLKGGPLAIEHSIFPEKEAEAVAEQATQSQVINVHTGIGFLDHMIHALAKHSGWSLIVECIGDLDIDDHHTTEDCGIALGQAFKEALGDVRGVKRFGYGFAPLDEALSRAVVDLSNRPYAVVELGLQREKVGDLSCEMIPHFLESFAEGSRITLHVDCLRGKNDHHRSESAFKALAVALREATSPNGTNDVPSTKGVLM	>HIS3_Opt_7__11   21   86  110  119  170  200
67T:110D:120A:137G:157S:165Q:175M	34.11	36.89	34.9	MTEQKALVKRITNETKIQIAISLKGGPLAIEHSIFPEKEAEAVAEQATQSQVINVHTGIGFLDHMITALAKHSGWSLIVECIGDLHIDDHHTTEDCGIALGQAFKEALGDVRGVKRFGSAFAPLDEALSRAVVDLSGRPYAVVELGLQREKVGDLSSEMIPHFLQSFAEASRITMHVDCLRGKNDHHRSESAFKALAVAIREATSPNGTNDVPSTKGVLM	>HIS3_Opt_7__67  110  120  137  157  165  175
9R:73A:86D:121Y:210D	-24.45	-22.49	-23.93	MTEQKALVRRITNETKIQIAISLKGGPLAIEHSIFPEKEAEAVAEQATQSQVINVHTGIGFLDHMIHALAKHAGWSLIVECIGDLDIDDHHTTEDCGIALGQAFKEALGAVRGVKRFGSGYAPLDEALSRAVVDLSNRPYAVVELGLQREKVGDLSCEMIPHFLESFAEASRITLHVDCLRGKNDHHRSESAFKALAVAIREATSPNGTDDVPSTKGVLM	>HIS3_Opt_5__9   73   86  121  210
13K:67T:79L:86D:152I:157S:170G:177I:207T	42.06	39.41	42.03	MTEQKALVKRITKETKIQIAISLKGGPLAIEHSIFPEKEAEAVAEQATQSQVINVHTGIGFLDHMITALAKHSGWSLILECIGDLDIDDHHTTEDCGIALGQAFKEALGAVRGVKRFGSGFAPLDEALSRAVVDLSNRPYAVVELGLQREKIGDLSSEMIPHFLESFAEGSRITLHIDCLRGKNDHHRSESAFKALAVAIREATSPTGTNDVPSTKGVLM	>HIS3_Opt_9__13   67   79   86  152  157  170  177  207
7F:119Y	-6.82	-6.65	-6.3	MTEQKAFVKRITNETKIQIAISLKGGPLAIEHSIFPEKEAEAVAEQATQSQVINVHTGIGFLDHMIHALAKHSGWSLIVECIGDLHIDDHHTTEDCGIALGQAFKEALGAVRGVKRFGYGFAPLDEALSRAVVDLSNRPYAVVELGLQREKVGDLSCEMIPHFLESFAEASRITLHVDCLRGKNDHHRSESAFKALAVAIREATSPNGTNDVPSTKGVLM	>HIS3_Opt_2__7  119
8I:9R:11V:67T:73A:93V:121Y:152I:165Q:200L	-8.11	-9.69	-8.67	MTEQKALIRRVTNETKIQIAISLKGGPLAIEHSIFPEKEAEAVAEQATQSQVINVHTGIGFLDHMITALAKHAGWSLIVECIGDLHIDDHHTVEDCGIALGQAFKEALGAVRGVKRFGSGYAPLDEALSRAVVDLSNRPYAVVELGLQREKIGDLSCEMIPHFLQSFAEASRITLHVDCLRGKNDHHRSESAFKALAVALREATSPNGTNDVPSTKGVLM	>HIS3_Opt_10__8    9   11   67   73   93  121  152  165  200
73A:120A:175M:177I	7.01	8.25	6.04	MTEQKALVKRITNETKIQIAISLKGGPLAIEHSIFPEKEAEAVAEQATQSQVINVHTGIGFLDHMIHALAKHAGWSLIVECIGDLHIDDHHTTEDCGIALGQAFKEALGAVRGVKRFGSAFAPLDEALSRAVVDLSNRPYAVVELGLQREKVGDLSCEMIPHFLESFAEASRITMHIDCLRGKNDHHRSESAFKALAVAIREATSPNGTNDVPSTKGVLM	>HIS3_Opt_4__73  120  175  177
19V:102M	2.37	2.23	2.37	MTEQKALVKRITNETKIQVAISLKGGPLAIEHSIFPEKEAEAVAEQATQSQVINVHTGIGFLDHMIHALAKHSGWSLIVECIGDLHIDDHHTTEDCGIALGMAFKEALGAVRGVKRFGSGFAPLDEALSRAVVDLSNRPYAVVELGLQREKVGDLSCEMIPHFLESFAEASRITLHVDCLRGKNDHHRSESAFKALAVAIREATSPNGTNDVPSTKGVLM	>HIS3_Opt_2__19  102
201K	10.75	8.73	10.31	MTEQKALVKRITNETKIQIAISLKGGPLAIEHSIFPEKEAEAVAEQATQSQVINVHTGIGFLDHMIHALAKHSGWSLIVECIGDLHIDDHHTTEDCGIALGQAFKEALGAVRGVKRFGSGFAPLDEALSRAVVDLSNRPYAVVELGLQREKVGDLSCEMIPHFLESFAEASRITLHVDCLRGKNDHHRSESAFKALAVAIKEATSPNGTNDVPSTKGVLM	>HIS3_Opt_1__201
8I:16Q:110D:121Y:165Q:189A:200L:207T:210D	-8.93	-9.42	-8.62	MTEQKALIKRITNETQIQIAISLKGGPLAIEHSIFPEKEAEAVAEQATQSQVINVHTGIGFLDHMIHALAKHSGWSLIVECIGDLHIDDHHTTEDCGIALGQAFKEALGDVRGVKRFGSGYAPLDEALSRAVVDLSNRPYAVVELGLQREKVGDLSCEMIPHFLQSFAEASRITLHVDCLRGKNDHHRAESAFKALAVALREATSPTGTDDVPSTKGVLM	>HIS3_Opt_9__8   16  110  121  165  189  200  207  210
97A:141C:170G:183T	2.49	1.44	2.63	MTEQKALVKRITNETKIQIAISLKGGPLAIEHSIFPEKEAEAVAEQATQSQVINVHTGIGFLDHMIHALAKHSGWSLIVECIGDLHIDDHHTTEDCAIALGQAFKEALGAVRGVKRFGSGFAPLDEALSRAVVDLSNRPYCVVELGLQREKVGDLSCEMIPHFLESFAEGSRITLHVDCLRGTNDHHRSESAFKALAVAIREATSPNGTNDVPSTKGVLM	>HIS3_Opt_4__97  141  170  183
16Q:67T:79L:93V:210D	24.62	22.95	24.68	MTEQKALVKRITNETQIQIAISLKGGPLAIEHSIFPEKEAEAVAEQATQSQVINVHTGIGFLDHMITALAKHSGWSLILECIGDLHIDDHHTVEDCGIALGQAFKEALGAVRGVKRFGSGFAPLDEALSRAVVDLSNRPYAVVELGLQREKVGDLSCEMIPHFLESFAEASRITLHVDCLRGKNDHHRSESAFKALAVAIREATSPNGTDDVPSTKGVLM	>HIS3_Opt_5__16   67   79   93  210
73A:79L:82R:87V:141C:165Q:177I	5.35	3.57	6.34	MTEQKALVKRITNETKIQIAISLKGGPLAIEHSIFPEKEAEAVAEQATQSQVINVHTGIGFLDHMIHALAKHAGWSLILECRGDLHVDDHHTTEDCGIALGQAFKEALGAVRGVKRFGSGFAPLDEALSRAVVDLSNRPYCVVELGLQREKVGDLSCEMIPHFLQSFAEASRITLHIDCLRGKNDHHRSESAFKALAVAIREATSPNGTNDVPSTKGVLM	>HIS3_Opt_7__73   79   82   87  141  165  177
8I:11V:86D:87V:97A:102M:137G:198L:207T	-1.42	-6.33	-2.19	MTEQKALIKRVTNETKIQIAISLKGGPLAIEHSIFPEKEAEAVAEQATQSQVINVHTGIGFLDHMIHALAKHSGWSLIVECIGDLDVDDHHTTEDCAIALGMAFKEALGAVRGVKRFGSGFAPLDEALSRAVVDLSGRPYAVVELGLQREKVGDLSCEMIPHFLESFAEASRITLHVDCLRGKNDHHRSESAFKALALAIREATSPTGTNDVPSTKGVLM	>HIS3_Opt_9__8   11   86   87   97  102  137  198  207
7F:141C:169R	12.04	10.96	12.55	MTEQKAFVKRITNETKIQIAISLKGGPLAIEHSIFPEKEAEAVAEQATQSQVINVHTGIGFLDHMIHALAKHSGWSLIVECIGDLHIDDHHTTEDCGIALGQAFKEALGAVRGVKRFGSGFAPLDEALSRAVVDLSNRPYCVVELGLQREKVGDLSCEMIPHFLESFARASRITLHVDCLRGKNDHHRSESAFKALAVAIREATSPNGTNDVPSTKGVLM	>HIS3_Opt_3__7  141  169
7F:16Q:21L:119Y:144N	-0.61	-1.55	-0.31	MTEQKAFVKRITNETQIQIALSLKGGPLAIEHSIFPEKEAEAVAEQATQSQVINVHTGIGFLDHMIHALAKHSGWSLIVECIGDLHIDDHHTTEDCGIALGQAFKEALGAVRGVKRFGYGFAPLDEALSRAVVDLSNRPYAVVNLGLQREKVGDLSCEMIPHFLESFAEASRITLHVDCLRGKNDHHRSESAFKALAVAIREATSPNGTNDVPSTKGVLM	>HIS3_Opt_5__7   16   21  119  144
7F:119Y:141C:144N:171A:200L	-31.62	-30.23	-31.21	MTEQKAFVKRITNETKIQIAISLKGGPLAIEHSIFPEKEAEAVAEQATQSQVINVHTGIGFLDHMIHALAKHSGWSLIVECIGDLHIDDHHTTEDCGIALGQAFKEALGAVRGVKRFGYGFAPLDEALSRAVVDLSNRPYCVVNLGLQREKVGDLSCEMIPHFLESFAEAARITLHVDCLRGKNDHHRSESAFKALAVALREATSPNGTNDVPSTKGVLM	>HIS3_Opt_6__7  119  141  144  171  200
82R:170G:200L	19.64	21.15	20.22	MTEQKALVKRITNETKIQIAISLKGGPLAIEHSIFPEKEAEAVAEQATQSQVINVHTGIGFLDHMIHALAKHSGWSLIVECRGDLHIDDHHTTEDCGIALGQAFKEALGAVRGVKRFGSGFAPLDEALSRAVVDLSNRPYAVVELGLQREKVGDLSCEMIPHFLESFAEGSRITLHVDCLRGKNDHHRSESAFKALAVALREATSPNGTNDVPSTKGVLM	>HIS3_Opt_3__82  170  200
7F:11V:79L:86D:97A:137G:157S:177I	11.5	10.47	11.78	MTEQKAFVKRVTNETKIQIAISLKGGPLAIEHSIFPEKEAEAVAEQATQSQVINVHTGIGFLDHMIHALAKHSGWSLILECIGDLDIDDHHTTEDCAIALGQAFKEALGAVRGVKRFGSGFAPLDEALSRAVVDLSGRPYAVVELGLQREKVGDLSSEMIPHFLESFAEASRITLHIDCLRGKNDHHRSESAFKALAVAIREATSPNGTNDVPSTKGVLM	>HIS3_Opt_8__7   11   79   86   97  137  157  177
7F:11V:19V:79L:82R:86D:110D	36.15	36.34	36.16	MTEQKAFVKRVTNETKIQVAISLKGGPLAIEHSIFPEKEAEAVAEQATQSQVINVHTGIGFLDHMIHALAKHSGWSLILECRGDLDIDDHHTTEDCGIALGQAFKEALGDVRGVKRFGSGFAPLDEALSRAVVDLSNRPYAVVELGLQREKVGDLSCEMIPHFLESFAEASRITLHVDCLRGKNDHHRSESAFKALAVAIREATSPNGTNDVPSTKGVLM	>HIS3_Opt_7__7   11   19   79   82   86  110
11V:67T:93V:102M:141C:152I:175M:189A:198L	5.46	8.44	5.43	MTEQKALVKRVTNETKIQIAISLKGGPLAIEHSIFPEKEAEAVAEQATQSQVINVHTGIGFLDHMITALAKHSGWSLIVECIGDLHIDDHHTVEDCGIALGMAFKEALGAVRGVKRFGSGFAPLDEALSRAVVDLSNRPYCVVELGLQREKIGDLSCEMIPHFLESFAEASRITMHVDCLRGKNDHHRAESAFKALALAIREATSPNGTNDVPSTKGVLM	>HIS3_Opt_9__11   67   93  102  141  152  175  189  198
7F:97A:114I:183T:207T	-2.05	-2.82	-1.89	MTEQKAFVKRITNETKIQIAISLKGGPLAIEHSIFPEKEAEAVAEQATQSQVINVHTGIGFLDHMIHALAKHSGWSLIVECIGDLHIDDHHTTEDCAIALGQAFKEALGAVRGIKRFGSGFAPLDEALSRAVVDLSNRPYAVVELGLQREKVGDLSCEMIPHFLESFAEASRITLHVDCLRGTNDHHRSESAFKALAVAIREATSPTGTNDVPSTKGVLM	>HIS3_Opt_5__7   97  114  183  207
165Q:189A	-17.89	-14.94	-16.98	MTEQKALVKRITNETKIQIAISLKGGPLAIEHSIFPEKEAEAVAEQATQSQVINVHTGIGFLDHMIHALAKHSGWSLIVECIGDLHIDDHHTTEDCGIALGQAFKEALGAVRGVKRFGSGFAPLDEALSRAVVDLSNRPYAVVELGLQREKVGDLSCEMIPHFLQSFAEASRITLHVDCLRGKNDHHRAESAFKALAVAIREATSPNGTNDVPSTKGVLM	>HIS3_Opt_2__165  189
110D:137G:141C:207T	5.49	5.81	5.79	MTEQKALVKRITNETKIQIAISLKGGPLAIEHSIFPEKEAEAVAEQATQSQVINVHTGIGFLDHMIHALAKHSGWSLIVECIGDLHIDDHHTTEDCGIALGQAFKEALGDVRGVKRFGSGFAPLDEALSRAVVDLSGRPYCVVELGLQREKVGDLSCEMIPHFLESFAEASRITLHVDCLRGKNDHHRSESAFKALAVAIREATSPTGTNDVPSTKGVLM	>HIS3_Opt_4__110  137  141  207
73A:79L:93V:97A:152I:165Q:183T:189A:200L	-31.28	-31.97	-29.78	MTEQKALVKRITNETKIQIAISLKGGPLAIEHSIFPEKEAEAVAEQATQSQVINVHTGIGFLDHMIHALAKHAGWSLILECIGDLHIDDHHTVEDCAIALGQAFKEALGAVRGVKRFGSGFAPLDEALSRAVVDLSNRPYAVVELGLQREKIGDLSCEMIPHFLQSFAEASRITLHVDCLRGTNDHHRAESAFKALAVALREATSPNGTNDVPSTKGVLM	>HIS3_Opt_9__73   79   93   97  152  165  183  189  200
19V:114I:169R:198L:207T	14.13	14.02	13.46	MTEQKALVKRITNETKIQVAISLKGGPLAIEHSIFPEKEAEAVAEQATQSQVINVHTGIGFLDHMIHALAKHSGWSLIVECIGDLHIDDHHTTEDCGIALGQAFKEALGAVRGIKRFGSGFAPLDEALSRAVVDLSNRPYAVVELGLQREKVGDLSCEMIPHFLESFARASRITLHVDCLRGKNDHHRSESAFKALALAIREATSPTGTNDVPSTKGVLM	>HIS3_Opt_5__19  114  169  198  207
73A:93V:110D:137G:144N:169R:170G:171A:189A	-34.22	-36.65	-34.72	MTEQKALVKRITNETKIQIAISLKGGPLAIEHSIFPEKEAEAVAEQATQSQVINVHTGIGFLDHMIHALAKHAGWSLIVECIGDLHIDDHHTVEDCGIALGQAFKEALGDVRGVKRFGSGFAPLDEALSRAVVDLSGRPYAVVNLGLQREKVGDLSCEMIPHFLESFARGARITLHVDCLRGKNDHHRAESAFKALAVAIREATSPNGTNDVPSTKGVLM	>HIS3_FullyOpt_9
67T:73A:86D:97A:141C:160V	-10.59	-12.35	-10.42	MTEQKALVKRITNETKIQIAISLKGGPLAIEHSIFPEKEAEAVAEQATQSQVINVHTGIGFLDHMITALAKHAGWSLIVECIGDLDIDDHHTTEDCAIALGQAFKEALGAVRGVKRFGSGFAPLDEALSRAVVDLSNRPYCVVELGLQREKVGDLSCEMVPHFLESFAEASRITLHVDCLRGKNDHHRSESAFKALAVAIREATSPNGTNDVPSTKGVLM	>HIS3_Opt_6__67   73   86   97  141  160
73A:93V:110D:114I:137G:141C:144N:169R:170G:171A:189A:198L	-29.77	-30.13	-29.98	MTEQKALVKRITNETKIQIAISLKGGPLAIEHSIFPEKEAEAVAEQATQSQVINVHTGIGFLDHMIHALAKHAGWSLIVECIGDLHIDDHHTVEDCGIALGQAFKEALGDVRGIKRFGSGFAPLDEALSRAVVDLSGRPYCVVNLGLQREKVGDLSCEMIPHFLESFARGARITLHVDCLRGKNDHHRAESAFKALALAIREATSPNGTNDVPSTKGVLM	>HIS3_FullyOpt_12
7F:8I:13K:67T:86D:110D:137G:157S:165Q:207T	22.09	20.45	21.63	MTEQKAFIKRITKETKIQIAISLKGGPLAIEHSIFPEKEAEAVAEQATQSQVINVHTGIGFLDHMITALAKHSGWSLIVECIGDLDIDDHHTTEDCGIALGQAFKEALGDVRGVKRFGSGFAPLDEALSRAVVDLSGRPYAVVELGLQREKVGDLSSEMIPHFLQSFAEASRITLHVDCLRGKNDHHRSESAFKALAVAIREATSPTGTNDVPSTKGVLM	>HIS3_Opt_10__7    8   13   67   86  110  137  157  165  207
8I:16Q:79L:86D:110D:171A:175M:210D	27.87	27.38	27.91	MTEQKALIKRITNETQIQIAISLKGGPLAIEHSIFPEKEAEAVAEQATQSQVINVHTGIGFLDHMIHALAKHSGWSLILECIGDLDIDDHHTTEDCGIALGQAFKEALGDVRGVKRFGSGFAPLDEALSRAVVDLSNRPYAVVELGLQREKVGDLSCEMIPHFLESFAEAARITMHVDCLRGKNDHHRSESAFKALAVAIREATSPNGTDDVPSTKGVLM	>HIS3_Opt_8__8   16   79   86  110  171  175  210
11V:19V:110D:120A:137G:144N:169R:210D	33.31	32.83	33.97	MTEQKALVKRVTNETKIQVAISLKGGPLAIEHSIFPEKEAEAVAEQATQSQVINVHTGIGFLDHMIHALAKHSGWSLIVECIGDLHIDDHHTTEDCGIALGQAFKEALGDVRGVKRFGSAFAPLDEALSRAVVDLSGRPYAVVNLGLQREKVGDLSCEMIPHFLESFARASRITLHVDCLRGKNDHHRSESAFKALAVAIREATSPNGTDDVPSTKGVLM	>HIS3_Opt_8__11   19  110  120  137  144  169  210
73A:93V:110D:137G:144N:169R:171A:189A	-51.27	-48.38	-50.33	MTEQKALVKRITNETKIQIAISLKGGPLAIEHSIFPEKEAEAVAEQATQSQVINVHTGIGFLDHMIHALAKHAGWSLIVECIGDLHIDDHHTVEDCGIALGQAFKEALGDVRGVKRFGSGFAPLDEALSRAVVDLSGRPYAVVNLGLQREKVGDLSCEMIPHFLESFARAARITLHVDCLRGKNDHHRAESAFKALAVAIREATSPNGTNDVPSTKGVLM	>HIS3_FullyOpt_8
21L:86D:97A:102M:137G:152I:160V:169R:177I:207T	-3.55	-5.57	-3.2	MTEQKALVKRITNETKIQIALSLKGGPLAIEHSIFPEKEAEAVAEQATQSQVINVHTGIGFLDHMIHALAKHSGWSLIVECIGDLDIDDHHTTEDCAIALGMAFKEALGAVRGVKRFGSGFAPLDEALSRAVVDLSGRPYAVVELGLQREKIGDLSCEMVPHFLESFARASRITLHIDCLRGKNDHHRSESAFKALAVAIREATSPTGTNDVPSTKGVLM	>HIS3_Opt_10__21   86   97  102  137  152  160  169  177  207
11V:201K	12.29	12.67	11.72	MTEQKALVKRVTNETKIQIAISLKGGPLAIEHSIFPEKEAEAVAEQATQSQVINVHTGIGFLDHMIHALAKHSGWSLIVECIGDLHIDDHHTTEDCGIALGQAFKEALGAVRGVKRFGSGFAPLDEALSRAVVDLSNRPYAVVELGLQREKVGDLSCEMIPHFLESFAEASRITLHVDCLRGKNDHHRSESAFKALAVAIKEATSPNGTNDVPSTKGVLM	>HIS3_Opt_2__11  201
189A	-12.87	-16.43	-12.85	MTEQKALVKRITNETKIQIAISLKGGPLAIEHSIFPEKEAEAVAEQATQSQVINVHTGIGFLDHMIHALAKHSGWSLIVECIGDLHIDDHHTTEDCGIALGQAFKEALGAVRGVKRFGSGFAPLDEALSRAVVDLSNRPYAVVELGLQREKVGDLSCEMIPHFLESFAEASRITLHVDCLRGKNDHHRAESAFKALAVAIREATSPNGTNDVPSTKGVLM	>HIS3_Opt_1__189
8I:9R:11V:24N:86D:87V:144N:169R:200L:210D	6.61	4.23	6.02	MTEQKALIRRVTNETKIQIAISLNGGPLAIEHSIFPEKEAEAVAEQATQSQVINVHTGIGFLDHMIHALAKHSGWSLIVECIGDLDVDDHHTTEDCGIALGQAFKEALGAVRGVKRFGSGFAPLDEALSRAVVDLSNRPYAVVNLGLQREKVGDLSCEMIPHFLESFARASRITLHVDCLRGKNDHHRSESAFKALAVALREATSPNGTDDVPSTKGVLM	>HIS3_Opt_10__8    9   11   24   86   87  144  169  200  210
102M:207T	-6.72	-6.73	-6.73	MTEQKALVKRITNETKIQIAISLKGGPLAIEHSIFPEKEAEAVAEQATQSQVINVHTGIGFLDHMIHALAKHSGWSLIVECIGDLHIDDHHTTEDCGIALGMAFKEALGAVRGVKRFGSGFAPLDEALSRAVVDLSNRPYAVVELGLQREKVGDLSCEMIPHFLESFAEASRITLHVDCLRGKNDHHRSESAFKALAVAIREATSPTGTNDVPSTKGVLM	>HIS3_Opt_2__102  207
24N:79L:97A:120A:137G:165Q:170G:201K	44.93	46.21	46.47	MTEQKALVKRITNETKIQIAISLNGGPLAIEHSIFPEKEAEAVAEQATQSQVINVHTGIGFLDHMIHALAKHSGWSLILECIGDLHIDDHHTTEDCAIALGQAFKEALGAVRGVKRFGSAFAPLDEALSRAVVDLSGRPYAVVELGLQREKVGDLSCEMIPHFLQSFAEGSRITLHVDCLRGKNDHHRSESAFKALAVAIKEATSPNGTNDVPSTKGVLM	>HIS3_Opt_8__24   79   97  120  137  165  170  201
79L:97A:114I:137G:144N:157S:183T:200L	2.75	0.25	3.06	MTEQKALVKRITNETKIQIAISLKGGPLAIEHSIFPEKEAEAVAEQATQSQVINVHTGIGFLDHMIHALAKHSGWSLILECIGDLHIDDHHTTEDCAIALGQAFKEALGAVRGIKRFGSGFAPLDEALSRAVVDLSGRPYAVVNLGLQREKVGDLSSEMIPHFLESFAEASRITLHVDCLRGTNDHHRSESAFKALAVALREATSPNGTNDVPSTKGVLM	>HIS3_Opt_8__79   97  114  137  144  157  183  200
9R:11V:67T:73A:97A:144N:157S:160V:210D	-28.51	-27.06	-28.57	MTEQKALVRRVTNETKIQIAISLKGGPLAIEHSIFPEKEAEAVAEQATQSQVINVHTGIGFLDHMITALAKHAGWSLIVECIGDLHIDDHHTTEDCAIALGQAFKEALGAVRGVKRFGSGFAPLDEALSRAVVDLSNRPYAVVNLGLQREKVGDLSSEMVPHFLESFAEASRITLHVDCLRGKNDHHRSESAFKALAVAIREATSPNGTDDVPSTKGVLM	>HIS3_Opt_9__9   11   67   73   97  144  157  160  210
11V:16Q:73A:82R:86D:110D:114I:171A:200L	-18.45	-18.52	-18.44	MTEQKALVKRVTNETQIQIAISLKGGPLAIEHSIFPEKEAEAVAEQATQSQVINVHTGIGFLDHMIHALAKHAGWSLIVECRGDLDIDDHHTTEDCGIALGQAFKEALGDVRGIKRFGSGFAPLDEALSRAVVDLSNRPYAVVELGLQREKVGDLSCEMIPHFLESFAEAARITLHVDCLRGKNDHHRSESAFKALAVALREATSPNGTNDVPSTKGVLM	>HIS3_Opt_9__11   16   73   82   86  110  114  171  200
7F:8I:21L	21.32	21.33	21.32	MTEQKAFIKRITNETKIQIALSLKGGPLAIEHSIFPEKEAEAVAEQATQSQVINVHTGIGFLDHMIHALAKHSGWSLIVECIGDLHIDDHHTTEDCGIALGQAFKEALGAVRGVKRFGSGFAPLDEALSRAVVDLSNRPYAVVELGLQREKVGDLSCEMIPHFLESFAEASRITLHVDCLRGKNDHHRSESAFKALAVAIREATSPNGTNDVPSTKGVLM	>HIS3_Opt_3__7   8  21
73A:200L	-17.81	-16.95	-16.98	MTEQKALVKRITNETKIQIAISLKGGPLAIEHSIFPEKEAEAVAEQATQSQVINVHTGIGFLDHMIHALAKHAGWSLIVECIGDLHIDDHHTTEDCGIALGQAFKEALGAVRGVKRFGSGFAPLDEALSRAVVDLSNRPYAVVELGLQREKVGDLSCEMIPHFLESFAEASRITLHVDCLRGKNDHHRSESAFKALAVALREATSPNGTNDVPSTKGVLM	>HIS3_Opt_2__73  200
16Q:73A:87V:170G	0.96	0.12	0.7	MTEQKALVKRITNETQIQIAISLKGGPLAIEHSIFPEKEAEAVAEQATQSQVINVHTGIGFLDHMIHALAKHAGWSLIVECIGDLHVDDHHTTEDCGIALGQAFKEALGAVRGVKRFGSGFAPLDEALSRAVVDLSNRPYAVVELGLQREKVGDLSCEMIPHFLESFAEGSRITLHVDCLRGKNDHHRSESAFKALAVAIREATSPNGTNDVPSTKGVLM	>HIS3_Opt_4__16   73   87  170
16Q:110D:141C:169R:171A:201K	-0.07	-1.44	0.18	MTEQKALVKRITNETQIQIAISLKGGPLAIEHSIFPEKEAEAVAEQATQSQVINVHTGIGFLDHMIHALAKHSGWSLIVECIGDLHIDDHHTTEDCGIALGQAFKEALGDVRGVKRFGSGFAPLDEALSRAVVDLSNRPYCVVELGLQREKVGDLSCEMIPHFLESFARAARITLHVDCLRGKNDHHRSESAFKALAVAIKEATSPNGTNDVPSTKGVLM	>HIS3_Opt_6__16  110  141  169  171  201
8I:21L:67T:86D:93V:160V:170G:171A:177I:189A	8.28	7.51	8.36	MTEQKALIKRITNETKIQIALSLKGGPLAIEHSIFPEKEAEAVAEQATQSQVINVHTGIGFLDHMITALAKHSGWSLIVECIGDLDIDDHHTVEDCGIALGQAFKEALGAVRGVKRFGSGFAPLDEALSRAVVDLSNRPYAVVELGLQREKVGDLSCEMVPHFLESFAEGARITLHIDCLRGKNDHHRAESAFKALAVAIREATSPNGTNDVPSTKGVLM	>HIS3_Opt_10__8   21   67   86   93  160  170  171  177  189
8I:16Q:19V:67T:120A:157S	32.11	34.43	32.2	MTEQKALIKRITNETQIQVAISLKGGPLAIEHSIFPEKEAEAVAEQATQSQVINVHTGIGFLDHMITALAKHSGWSLIVECIGDLHIDDHHTTEDCGIALGQAFKEALGAVRGVKRFGSAFAPLDEALSRAVVDLSNRPYAVVELGLQREKVGDLSSEMIPHFLESFAEASRITLHVDCLRGKNDHHRSESAFKALAVAIREATSPNGTNDVPSTKGVLM	>HIS3_Opt_6__8   16   19   67  120  157
11V:16Q:19V:93V:152I:160V:189A	-6.45	-7.29	-6.41	MTEQKALVKRVTNETQIQVAISLKGGPLAIEHSIFPEKEAEAVAEQATQSQVINVHTGIGFLDHMIHALAKHSGWSLIVECIGDLHIDDHHTVEDCGIALGQAFKEALGAVRGVKRFGSGFAPLDEALSRAVVDLSNRPYAVVELGLQREKIGDLSCEMVPHFLESFAEASRITLHVDCLRGKNDHHRAESAFKALAVAIREATSPNGTNDVPSTKGVLM	>HIS3_Opt_7__11   16   19   93  152  160  189
97A:141C:144N:152I:160V:170G:171A:201K	-4.32	-5.53	-2.83	MTEQKALVKRITNETKIQIAISLKGGPLAIEHSIFPEKEAEAVAEQATQSQVINVHTGIGFLDHMIHALAKHSGWSLIVECIGDLHIDDHHTTEDCAIALGQAFKEALGAVRGVKRFGSGFAPLDEALSRAVVDLSNRPYCVVNLGLQREKIGDLSCEMVPHFLESFAEGARITLHVDCLRGKNDHHRSESAFKALAVAIKEATSPNGTNDVPSTKGVLM	>HIS3_Opt_8__97  141  144  152  160  170  171  201
73A:93V:110D:137G:141C:144N:169R:170G:171A:189A:198L	-34.72	-37.13	-33.95	MTEQKALVKRITNETKIQIAISLKGGPLAIEHSIFPEKEAEAVAEQATQSQVINVHTGIGFLDHMIHALAKHAGWSLIVECIGDLHIDDHHTVEDCGIALGQAFKEALGDVRGVKRFGSGFAPLDEALSRAVVDLSGRPYCVVNLGLQREKVGDLSCEMIPHFLESFARGARITLHVDCLRGKNDHHRAESAFKALALAIREATSPNGTNDVPSTKGVLM	>HIS3_FullyOpt_11
16Q:67T:73A:79L:82R:110D:198L	19.19	19.36	18.04	MTEQKALVKRITNETQIQIAISLKGGPLAIEHSIFPEKEAEAVAEQATQSQVINVHTGIGFLDHMITALAKHAGWSLILECRGDLHIDDHHTTEDCGIALGQAFKEALGDVRGVKRFGSGFAPLDEALSRAVVDLSNRPYAVVELGLQREKVGDLSCEMIPHFLESFAEASRITLHVDCLRGKNDHHRSESAFKALALAIREATSPNGTNDVPSTKGVLM	>HIS3_Opt_7__16   67   73   79   82  110  198
9R:141C:200L	-9.72	-11.07	-9.55	MTEQKALVRRITNETKIQIAISLKGGPLAIEHSIFPEKEAEAVAEQATQSQVINVHTGIGFLDHMIHALAKHSGWSLIVECIGDLHIDDHHTTEDCGIALGQAFKEALGAVRGVKRFGSGFAPLDEALSRAVVDLSNRPYCVVELGLQREKVGDLSCEMIPHFLESFAEASRITLHVDCLRGKNDHHRSESAFKALAVALREATSPNGTNDVPSTKGVLM	>HIS3_Opt_3__9  141  200
8I:9R:16Q:73A:86D:110D:141C:152I:170G:200L	12.58	12.6	12.57	MTEQKALIRRITNETQIQIAISLKGGPLAIEHSIFPEKEAEAVAEQATQSQVINVHTGIGFLDHMIHALAKHAGWSLIVECIGDLDIDDHHTTEDCGIALGQAFKEALGDVRGVKRFGSGFAPLDEALSRAVVDLSNRPYCVVELGLQREKIGDLSCEMIPHFLESFAEGSRITLHVDCLRGKNDHHRSESAFKALAVALREATSPNGTNDVPSTKGVLM	>HIS3_Opt_10__8    9   16   73   86  110  141  152  170  200
7F:11V:16Q:73A:87V:160V:183T:198L:201K:210D	7.38	7.75	6.73	MTEQKAFVKRVTNETQIQIAISLKGGPLAIEHSIFPEKEAEAVAEQATQSQVINVHTGIGFLDHMIHALAKHAGWSLIVECIGDLHVDDHHTTEDCGIALGQAFKEALGAVRGVKRFGSGFAPLDEALSRAVVDLSNRPYAVVELGLQREKVGDLSCEMVPHFLESFAEASRITLHVDCLRGTNDHHRSESAFKALALAIKEATSPNGTDDVPSTKGVLM	>HIS3_Opt_10__7   11   16   73   87  160  183  198  201  210
13K:16Q:67T:82R:87V:121Y:200L	13.41	10.47	13.0	MTEQKALVKRITKETQIQIAISLKGGPLAIEHSIFPEKEAEAVAEQATQSQVINVHTGIGFLDHMITALAKHSGWSLIVECRGDLHVDDHHTTEDCGIALGQAFKEALGAVRGVKRFGSGYAPLDEALSRAVVDLSNRPYAVVELGLQREKVGDLSCEMIPHFLESFAEASRITLHVDCLRGKNDHHRSESAFKALAVALREATSPNGTNDVPSTKGVLM	>HIS3_Opt_7__13   16   67   82   87  121  200
7F:16Q:170G:171A:183T	0.29	-0.19	-0.13	MTEQKAFVKRITNETQIQIAISLKGGPLAIEHSIFPEKEAEAVAEQATQSQVINVHTGIGFLDHMIHALAKHSGWSLIVECIGDLHIDDHHTTEDCGIALGQAFKEALGAVRGVKRFGSGFAPLDEALSRAVVDLSNRPYAVVELGLQREKVGDLSCEMIPHFLESFAEGARITLHVDCLRGTNDHHRSESAFKALAVAIREATSPNGTNDVPSTKGVLM	>HIS3_Opt_5__7   16  170  171  183
19V:121Y	2.63	1.13	2.12	MTEQKALVKRITNETKIQVAISLKGGPLAIEHSIFPEKEAEAVAEQATQSQVINVHTGIGFLDHMIHALAKHSGWSLIVECIGDLHIDDHHTTEDCGIALGQAFKEALGAVRGVKRFGSGYAPLDEALSRAVVDLSNRPYAVVELGLQREKVGDLSCEMIPHFLESFAEASRITLHVDCLRGKNDHHRSESAFKALAVAIREATSPNGTNDVPSTKGVLM	>HIS3_Opt_2__19  121
7F:9R:19V:21L:86D:169R	19.6	16.52	20.53	MTEQKAFVRRITNETKIQVALSLKGGPLAIEHSIFPEKEAEAVAEQATQSQVINVHTGIGFLDHMIHALAKHSGWSLIVECIGDLDIDDHHTTEDCGIALGQAFKEALGAVRGVKRFGSGFAPLDEALSRAVVDLSNRPYAVVELGLQREKVGDLSCEMIPHFLESFARASRITLHVDCLRGKNDHHRSESAFKALAVAIREATSPNGTNDVPSTKGVLM	>HIS3_Opt_6__7    9   19   21   86  169
67T:93V:102M:120A:165Q:170G:183T:198L:201K	7.91	5.91	8.41	MTEQKALVKRITNETKIQIAISLKGGPLAIEHSIFPEKEAEAVAEQATQSQVINVHTGIGFLDHMITALAKHSGWSLIVECIGDLHIDDHHTVEDCGIALGMAFKEALGAVRGVKRFGSAFAPLDEALSRAVVDLSNRPYAVVELGLQREKVGDLSCEMIPHFLQSFAEGSRITLHVDCLRGTNDHHRSESAFKALALAIKEATSPNGTNDVPSTKGVLM	>HIS3_Opt_9__67   93  102  120  165  170  183  198  201
11V:93V:102M:121Y:144N:160V:198L:200L	-11.2	-9.15	-11.05	MTEQKALVKRVTNETKIQIAISLKGGPLAIEHSIFPEKEAEAVAEQATQSQVINVHTGIGFLDHMIHALAKHSGWSLIVECIGDLHIDDHHTVEDCGIALGMAFKEALGAVRGVKRFGSGYAPLDEALSRAVVDLSNRPYAVVNLGLQREKVGDLSCEMVPHFLESFAEASRITLHVDCLRGKNDHHRSESAFKALALALREATSPNGTNDVPSTKGVLM	>HIS3_Opt_8__11   93  102  121  144  160  198  200
67T:87V:121Y:152I:157S:170G:189A:198L:210D	12.82	8.16	12.54	MTEQKALVKRITNETKIQIAISLKGGPLAIEHSIFPEKEAEAVAEQATQSQVINVHTGIGFLDHMITALAKHSGWSLIVECIGDLHVDDHHTTEDCGIALGQAFKEALGAVRGVKRFGSGYAPLDEALSRAVVDLSNRPYAVVELGLQREKIGDLSSEMIPHFLESFAEGSRITLHVDCLRGKNDHHRAESAFKALALAIREATSPNGTDDVPSTKGVLM	>HIS3_Opt_9__67   87  121  152  157  170  189  198  210
165Q	-1.54	-1.93	-0.37	MTEQKALVKRITNETKIQIAISLKGGPLAIEHSIFPEKEAEAVAEQATQSQVINVHTGIGFLDHMIHALAKHSGWSLIVECIGDLHIDDHHTTEDCGIALGQAFKEALGAVRGVKRFGSGFAPLDEALSRAVVDLSNRPYAVVELGLQREKVGDLSCEMIPHFLQSFAEASRITLHVDCLRGKNDHHRSESAFKALAVAIREATSPNGTNDVPSTKGVLM	>HIS3_Opt_1__165
165Q	-1.54	-1.93	-0.37	MTEQKALVKRITNETKIQIAISLKGGPLAIEHSIFPEKEAEAVAEQATQSQVINVHTGIGFLDHMIHALAKHSGWSLIVECIGDLHIDDHHTTEDCGIALGQAFKEALGAVRGVKRFGSGFAPLDEALSRAVVDLSNRPYAVVELGLQREKVGDLSCEMIPHFLQSFAEASRITLHVDCLRGKNDHHRSESAFKALAVAIREATSPNGTNDVPSTKGVLM	>HIS3_Opt_1__165
16Q:93V:141C:169R:200L:201K	7.06	5.46	7.38	MTEQKALVKRITNETQIQIAISLKGGPLAIEHSIFPEKEAEAVAEQATQSQVINVHTGIGFLDHMIHALAKHSGWSLIVECIGDLHIDDHHTVEDCGIALGQAFKEALGAVRGVKRFGSGFAPLDEALSRAVVDLSNRPYCVVELGLQREKVGDLSCEMIPHFLESFARASRITLHVDCLRGKNDHHRSESAFKALAVALKEATSPNGTNDVPSTKGVLM	>HIS3_Opt_6__16   93  141  169  200  201
141C:171A	-16.69	-17.37	-16.69	MTEQKALVKRITNETKIQIAISLKGGPLAIEHSIFPEKEAEAVAEQATQSQVINVHTGIGFLDHMIHALAKHSGWSLIVECIGDLHIDDHHTTEDCGIALGQAFKEALGAVRGVKRFGSGFAPLDEALSRAVVDLSNRPYCVVELGLQREKVGDLSCEMIPHFLESFAEAARITLHVDCLRGKNDHHRSESAFKALAVAIREATSPNGTNDVPSTKGVLM	>HIS3_Opt_2__141  171
21L:79L:102M:119Y	9.36	7.79	9.51	MTEQKALVKRITNETKIQIALSLKGGPLAIEHSIFPEKEAEAVAEQATQSQVINVHTGIGFLDHMIHALAKHSGWSLILECIGDLHIDDHHTTEDCGIALGMAFKEALGAVRGVKRFGYGFAPLDEALSRAVVDLSNRPYAVVELGLQREKVGDLSCEMIPHFLESFAEASRITLHVDCLRGKNDHHRSESAFKALAVAIREATSPNGTNDVPSTKGVLM	>HIS3_Opt_4__21   79  102  119
7F:21L:82R:102M:110D:114I:144N:165Q:171A:200L	0.94	1.94	1.52	MTEQKAFVKRITNETKIQIALSLKGGPLAIEHSIFPEKEAEAVAEQATQSQVINVHTGIGFLDHMIHALAKHSGWSLIVECRGDLHIDDHHTTEDCGIALGMAFKEALGDVRGIKRFGSGFAPLDEALSRAVVDLSNRPYAVVNLGLQREKVGDLSCEMIPHFLQSFAEAARITLHVDCLRGKNDHHRSESAFKALAVALREATSPNGTNDVPSTKGVLM	>HIS3_Opt_10__7   21   82  102  110  114  144  165  171  200
73A:110D:137G:144N:169R:189A	-23.21	-24.03	-22.97	MTEQKALVKRITNETKIQIAISLKGGPLAIEHSIFPEKEAEAVAEQATQSQVINVHTGIGFLDHMIHALAKHAGWSLIVECIGDLHIDDHHTTEDCGIALGQAFKEALGDVRGVKRFGSGFAPLDEALSRAVVDLSGRPYAVVNLGLQREKVGDLSCEMIPHFLESFARASRITLHVDCLRGKNDHHRAESAFKALAVAIREATSPNGTNDVPSTKGVLM	>HIS3_FullyOpt_6
67T:86D:102M:121Y	2.04	1.48	2.06	MTEQKALVKRITNETKIQIAISLKGGPLAIEHSIFPEKEAEAVAEQATQSQVINVHTGIGFLDHMITALAKHSGWSLIVECIGDLDIDDHHTTEDCGIALGMAFKEALGAVRGVKRFGSGYAPLDEALSRAVVDLSNRPYAVVELGLQREKVGDLSCEMIPHFLESFAEASRITLHVDCLRGKNDHHRSESAFKALAVAIREATSPNGTNDVPSTKGVLM	>HIS3_Opt_4__67   86  102  121
11V:24N:67T:152I:157S:200L	11.93	12.59	11.94	MTEQKALVKRVTNETKIQIAISLNGGPLAIEHSIFPEKEAEAVAEQATQSQVINVHTGIGFLDHMITALAKHSGWSLIVECIGDLHIDDHHTTEDCGIALGQAFKEALGAVRGVKRFGSGFAPLDEALSRAVVDLSNRPYAVVELGLQREKIGDLSSEMIPHFLESFAEASRITLHVDCLRGKNDHHRSESAFKALAVALREATSPNGTNDVPSTKGVLM	>HIS3_Opt_6__11   24   67  152  157  200
9R:11V:144N	-9.21	-8.62	-9.19	MTEQKALVRRVTNETKIQIAISLKGGPLAIEHSIFPEKEAEAVAEQATQSQVINVHTGIGFLDHMIHALAKHSGWSLIVECIGDLHIDDHHTTEDCGIALGQAFKEALGAVRGVKRFGSGFAPLDEALSRAVVDLSNRPYAVVNLGLQREKVGDLSCEMIPHFLESFAEASRITLHVDCLRGKNDHHRSESAFKALAVAIREATSPNGTNDVPSTKGVLM	>HIS3_Opt_3__9   11  144
9R:13K:16Q:67T:87V:120A:121Y:152I:157S:210D	22.04	17.51	21.91	MTEQKALVRRITKETQIQIAISLKGGPLAIEHSIFPEKEAEAVAEQATQSQVINVHTGIGFLDHMITALAKHSGWSLIVECIGDLHVDDHHTTEDCGIALGQAFKEALGAVRGVKRFGSAYAPLDEALSRAVVDLSNRPYAVVELGLQREKIGDLSSEMIPHFLESFAEASRITLHVDCLRGKNDHHRSESAFKALAVAIREATSPNGTDDVPSTKGVLM	>HIS3_Opt_10__9   13   16   67   87  120  121  152  157  210
67T:73A:87V:120A:141C:169R:183T:189A	-1.53	-2.4	-1.36	MTEQKALVKRITNETKIQIAISLKGGPLAIEHSIFPEKEAEAVAEQATQSQVINVHTGIGFLDHMITALAKHAGWSLIVECIGDLHVDDHHTTEDCGIALGQAFKEALGAVRGVKRFGSAFAPLDEALSRAVVDLSNRPYCVVELGLQREKVGDLSCEMIPHFLESFARASRITLHVDCLRGTNDHHRAESAFKALAVAIREATSPNGTNDVPSTKGVLM	>HIS3_Opt_8__67   73   87  120  141  169  183  189
7F:79L:144N:160V:165Q:171A	5.74	2.76	6.81	MTEQKAFVKRITNETKIQIAISLKGGPLAIEHSIFPEKEAEAVAEQATQSQVINVHTGIGFLDHMIHALAKHSGWSLILECIGDLHIDDHHTTEDCGIALGQAFKEALGAVRGVKRFGSGFAPLDEALSRAVVDLSNRPYAVVNLGLQREKVGDLSCEMVPHFLQSFAEAARITLHVDCLRGKNDHHRSESAFKALAVAIREATSPNGTNDVPSTKGVLM	>HIS3_Opt_6__7   79  144  160  165  171
9R:102M:169R:177I	-12.14	-12.01	-11.64	MTEQKALVRRITNETKIQIAISLKGGPLAIEHSIFPEKEAEAVAEQATQSQVINVHTGIGFLDHMIHALAKHSGWSLIVECIGDLHIDDHHTTEDCGIALGMAFKEALGAVRGVKRFGSGFAPLDEALSRAVVDLSNRPYAVVELGLQREKVGDLSCEMIPHFLESFARASRITLHIDCLRGKNDHHRSESAFKALAVAIREATSPNGTNDVPSTKGVLM	>HIS3_Opt_4__9  102  169  177
7F:86D:120A:141C:144N:157S:160V:171A:177I	-7.76	-5.6	-8.33	MTEQKAFVKRITNETKIQIAISLKGGPLAIEHSIFPEKEAEAVAEQATQSQVINVHTGIGFLDHMIHALAKHSGWSLIVECIGDLDIDDHHTTEDCGIALGQAFKEALGAVRGVKRFGSAFAPLDEALSRAVVDLSNRPYCVVNLGLQREKVGDLSSEMVPHFLESFAEAARITLHIDCLRGKNDHHRSESAFKALAVAIREATSPNGTNDVPSTKGVLM	>HIS3_Opt_9__7   86  120  141  144  157  160  171  177
7F:24N:67T:86D:120A:183T:189A	16.34	12.89	16.18	MTEQKAFVKRITNETKIQIAISLNGGPLAIEHSIFPEKEAEAVAEQATQSQVINVHTGIGFLDHMITALAKHSGWSLIVECIGDLDIDDHHTTEDCGIALGQAFKEALGAVRGVKRFGSAFAPLDEALSRAVVDLSNRPYAVVELGLQREKVGDLSCEMIPHFLESFAEASRITLHVDCLRGTNDHHRAESAFKALAVAIREATSPNGTNDVPSTKGVLM	>HIS3_Opt_7__7   24   67   86  120  183  189
8I:16Q:73A:121Y:177I	-17.36	-15.41	-17.05	MTEQKALIKRITNETQIQIAISLKGGPLAIEHSIFPEKEAEAVAEQATQSQVINVHTGIGFLDHMIHALAKHAGWSLIVECIGDLHIDDHHTTEDCGIALGQAFKEALGAVRGVKRFGSGYAPLDEALSRAVVDLSNRPYAVVELGLQREKVGDLSCEMIPHFLESFAEASRITLHIDCLRGKNDHHRSESAFKALAVAIREATSPNGTNDVPSTKGVLM	>HIS3_Opt_5__8   16   73  121  177
86D	1.72	1.7	1.7	MTEQKALVKRITNETKIQIAISLKGGPLAIEHSIFPEKEAEAVAEQATQSQVINVHTGIGFLDHMIHALAKHSGWSLIVECIGDLDIDDHHTTEDCGIALGQAFKEALGAVRGVKRFGSGFAPLDEALSRAVVDLSNRPYAVVELGLQREKVGDLSCEMIPHFLESFAEASRITLHVDCLRGKNDHHRSESAFKALAVAIREATSPNGTNDVPSTKGVLM	>HIS3_Opt_1__86
8I:119Y:137G:144N:171A:175M:207T:210D	-12.3	-13.39	-12.33	MTEQKALIKRITNETKIQIAISLKGGPLAIEHSIFPEKEAEAVAEQATQSQVINVHTGIGFLDHMIHALAKHSGWSLIVECIGDLHIDDHHTTEDCGIALGQAFKEALGAVRGVKRFGYGFAPLDEALSRAVVDLSGRPYAVVNLGLQREKVGDLSCEMIPHFLESFAEAARITMHVDCLRGKNDHHRSESAFKALAVAIREATSPTGTDDVPSTKGVLM	>HIS3_Opt_8__8  119  137  144  171  175  207  210
16Q:19V:175M:177I	13.12	14.69	13.04	MTEQKALVKRITNETQIQVAISLKGGPLAIEHSIFPEKEAEAVAEQATQSQVINVHTGIGFLDHMIHALAKHSGWSLIVECIGDLHIDDHHTTEDCGIALGQAFKEALGAVRGVKRFGSGFAPLDEALSRAVVDLSNRPYAVVELGLQREKVGDLSCEMIPHFLESFAEASRITMHIDCLRGKNDHHRSESAFKALAVAIREATSPNGTNDVPSTKGVLM	>HIS3_Opt_4__16   19  175  177
8I:102M:137G:189A	-10.31	-11.33	-9.9	MTEQKALIKRITNETKIQIAISLKGGPLAIEHSIFPEKEAEAVAEQATQSQVINVHTGIGFLDHMIHALAKHSGWSLIVECIGDLHIDDHHTTEDCGIALGMAFKEALGAVRGVKRFGSGFAPLDEALSRAVVDLSGRPYAVVELGLQREKVGDLSCEMIPHFLESFAEASRITLHVDCLRGKNDHHRAESAFKALAVAIREATSPNGTNDVPSTKGVLM	>HIS3_Opt_4__8  102  137  189
11V:121Y:157S	-6.98	-7.08	-7.79	MTEQKALVKRVTNETKIQIAISLKGGPLAIEHSIFPEKEAEAVAEQATQSQVINVHTGIGFLDHMIHALAKHSGWSLIVECIGDLHIDDHHTTEDCGIALGQAFKEALGAVRGVKRFGSGYAPLDEALSRAVVDLSNRPYAVVELGLQREKVGDLSSEMIPHFLESFAEASRITLHVDCLRGKNDHHRSESAFKALAVAIREATSPNGTNDVPSTKGVLM	>HIS3_Opt_3__11  121  157
86D:144N:175M	7.48	9.08	7.59	MTEQKALVKRITNETKIQIAISLKGGPLAIEHSIFPEKEAEAVAEQATQSQVINVHTGIGFLDHMIHALAKHSGWSLIVECIGDLDIDDHHTTEDCGIALGQAFKEALGAVRGVKRFGSGFAPLDEALSRAVVDLSNRPYAVVNLGLQREKVGDLSCEMIPHFLESFAEASRITMHVDCLRGKNDHHRSESAFKALAVAIREATSPNGTNDVPSTKGVLM	>HIS3_Opt_3__86  144  175
67T	7.96	7.95	7.97	MTEQKALVKRITNETKIQIAISLKGGPLAIEHSIFPEKEAEAVAEQATQSQVINVHTGIGFLDHMITALAKHSGWSLIVECIGDLHIDDHHTTEDCGIALGQAFKEALGAVRGVKRFGSGFAPLDEALSRAVVDLSNRPYAVVELGLQREKVGDLSCEMIPHFLESFAEASRITLHVDCLRGKNDHHRSESAFKALAVAIREATSPNGTNDVPSTKGVLM	>HIS3_Opt_1__67
13K	2.63	2.59	2.64	MTEQKALVKRITKETKIQIAISLKGGPLAIEHSIFPEKEAEAVAEQATQSQVINVHTGIGFLDHMIHALAKHSGWSLIVECIGDLHIDDHHTTEDCGIALGQAFKEALGAVRGVKRFGSGFAPLDEALSRAVVDLSNRPYAVVELGLQREKVGDLSCEMIPHFLESFAEASRITLHVDCLRGKNDHHRSESAFKALAVAIREATSPNGTNDVPSTKGVLM	>HIS3_Opt_1__13
8I	7.69	7.69	7.69	MTEQKALIKRITNETKIQIAISLKGGPLAIEHSIFPEKEAEAVAEQATQSQVINVHTGIGFLDHMIHALAKHSGWSLIVECIGDLHIDDHHTTEDCGIALGQAFKEALGAVRGVKRFGSGFAPLDEALSRAVVDLSNRPYAVVELGLQREKVGDLSCEMIPHFLESFAEASRITLHVDCLRGKNDHHRSESAFKALAVAIREATSPNGTNDVPSTKGVLM	>HIS3_Opt_1__8
79L:93V:171A	-8.17	-7.35	-8.17	MTEQKALVKRITNETKIQIAISLKGGPLAIEHSIFPEKEAEAVAEQATQSQVINVHTGIGFLDHMIHALAKHSGWSLILECIGDLHIDDHHTVEDCGIALGQAFKEALGAVRGVKRFGSGFAPLDEALSRAVVDLSNRPYAVVELGLQREKVGDLSCEMIPHFLESFAEAARITLHVDCLRGKNDHHRSESAFKALAVAIREATSPNGTNDVPSTKGVLM	>HIS3_Opt_3__79   93  171
8I:137G:171A:175M	5.56	5.6	5.99	MTEQKALIKRITNETKIQIAISLKGGPLAIEHSIFPEKEAEAVAEQATQSQVINVHTGIGFLDHMIHALAKHSGWSLIVECIGDLHIDDHHTTEDCGIALGQAFKEALGAVRGVKRFGSGFAPLDEALSRAVVDLSGRPYAVVELGLQREKVGDLSCEMIPHFLESFAEAARITMHVDCLRGKNDHHRSESAFKALAVAIREATSPNGTNDVPSTKGVLM	>HIS3_Opt_4__8  137  171  175
